city,rank,language,count,percent
toronto,1,JavaScript/TypeScript,11,39.3
toronto,2,Python,11,39.3
toronto,3,SQL,5,17.9
toronto,4,C#,4,14.3
toronto,5,Java,4,14.3
toronto,6,Ruby,2,7.1
toronto,7,Shell/Bash,2,7.1
toronto,8,C++,1,3.6
toronto,9,Go,1,3.6
toronto,10,Groovy,1,3.6
toronto,11,PHP,1,3.6
toronto,12,Rust,1,3.6
toronto,13,Dart,0,0.0
toronto,14,Elixir,0,0.0
toronto,15,Haskell,0,0.0
toronto,16,Kotlin,0,0.0
toronto,17,Lua,0,0.0
toronto,18,MATLAB,0,0.0
toronto,19,Objective-C,0,0.0
toronto,20,Perl,0,0.0
toronto,21,R,0,0.0
toronto,22,Scala,0,0.0
toronto,23,Swift,0,0.0
