language,new york,los angeles,washington dc,san francisco,houston,atlanta,total
Python,15,16,1,28,4,3,67
JavaScript/TypeScript,18,12,1,26,2,5,64
Java,8,3,0,3,2,3,19
C++,3,3,0,6,2,5,19
SQL,8,6,0,0,1,1,16
Ruby,2,3,1,6,0,1,13
Rust,2,2,0,4,1,3,12
Go,4,2,0,3,0,1,10
Kotlin,2,1,0,0,0,1,4
C#,2,0,0,0,0,1,3
PHP,0,3,0,0,0,0,3
Swift,2,0,0,0,0,1,3
Scala,0,1,0,1,0,0,2
Elixir,0,0,0,2,0,0,2
Haskell,1,0,0,1,0,0,2
Dart,1,0,0,0,0,0,1
Shell/Bash,1,0,0,0,0,0,1
MATLAB,0,0,0,0,0,1,1
R,0,0,0,0,0,0,0
Perl,0,0,0,0,0,0,0
Objective-C,0,0,0,0,0,0,0
Lua,0,0,0,0,0,0,0
Groovy,0,0,0,0,0,0,0
